 http://herb.co/strains/ 2017-02-17T21:05:01-05:00 http://herb.co/strains/afghan-kush/ 2016-08-31T07:07:40-04:00 http://herb.co/wp-content/uploads/2016/08/Afghan_Kush.jpg http://herb.co/strains/afgoo/ 2016-08-31T07:07:40-04:00 http://herb.co/wp-content/uploads/2016/08/Afgoo.jpg http://herb.co/strains/agent-orange/ 2016-08-31T07:07:40-04:00 http://herb.co/wp-content/uploads/2016/08/Agent-Orange-1.jpg http://herb.co/strains/ak-47/ 2016-08-31T07:07:40-04:00 http://herb.co/wp-content/uploads/2016/08/AK-47.jpg http://herb.co/strains/banana-kush/ 2016-08-31T07:07:41-04:00 http://herb.co/wp-content/uploads/2016/08/banana_kush.jpg http://herb.co/strains/alaskan-thunder-fuck/ 2016-08-31T07:07:41-04:00 http://herb.co/wp-content/uploads/2016/08/Alaskan-Thunder-Fuck.jpg http://herb.co/strains/animal-cookies/ 2016-08-31T07:07:41-04:00 http://herb.co/wp-content/uploads/2016/08/Animal-Cookies.jpg http://herb.co/strains/berry-white/ 2016-08-31T07:07:41-04:00 http://herb.co/wp-content/uploads/2016/08/Berry-White.jpg http://herb.co/strains/blackberry-kush/ 2016-08-31T07:07:41-04:00 http://herb.co/wp-content/uploads/2016/08/Blackberry-Kush.jpg http://herb.co/strains/blue-cheese/ 2016-08-31T07:07:41-04:00 http://herb.co/wp-content/uploads/2016/08/Blue-Cheese.jpg http://herb.co/strains/blue-dream/ 2016-08-31T07:07:41-04:00 http://herb.co/wp-content/uploads/2016/01/blue-dream.jpg http://herb.co/strains/blueberry/ 2016-08-31T07:07:42-04:00 http://herb.co/wp-content/uploads/2016/03/blueberry.jpg http://herb.co/strains/blueberry-kush/ 2016-08-31T07:07:42-04:00 http://herb.co/wp-content/uploads/2016/08/Blueberry-Kush.jpg http://herb.co/strains/bubble-gum/ 2016-08-31T07:07:43-04:00 http://herb.co/wp-content/uploads/2016/08/Bubble-Gum.jpg http://herb.co/strains/candy-kush/ 2016-08-31T07:07:43-04:00 http://herb.co/wp-content/uploads/2016/08/Candy-Kush.jpg http://herb.co/strains/cheese/ 2016-08-31T07:07:43-04:00 http://herb.co/wp-content/uploads/2016/08/Cheese.jpg http://herb.co/strains/chemdawg/ 2016-08-31T07:07:43-04:00 http://herb.co/wp-content/uploads/2016/08/Chemdawg.jpg http://herb.co/strains/chocolate-thai/ 2016-08-31T07:07:44-04:00 http://herb.co/wp-content/uploads/2016/08/Chocolate-Thai.jpg http://herb.co/strains/cinderella-99/ 2016-08-31T07:07:44-04:00 http://herb.co/wp-content/uploads/2016/08/Cinderella-99.jpg http://herb.co/strains/cotton-candy-kush/ 2016-08-31T07:07:44-04:00 http://herb.co/strains/diablo-og/ 2016-08-31T07:07:45-04:00 http://herb.co/wp-content/uploads/2016/08/Diablo-OG.jpg http://herb.co/strains/diesel/ 2016-08-31T07:07:45-04:00 http://herb.co/wp-content/uploads/2016/08/Diesel.jpg http://herb.co/strains/dr-grinspoon/ 2016-08-31T07:07:45-04:00 http://herb.co/wp-content/uploads/2016/08/dr-grinspoon-1.jpg http://herb.co/strains/durban-poison/ 2016-08-31T07:07:45-04:00 http://herb.co/wp-content/uploads/2016/08/Durban-Poison.jpg http://herb.co/strains/dutch-treat/ 2016-08-31T07:07:45-04:00 http://herb.co/strains/fire-og/ 2016-08-31T07:07:46-04:00 http://herb.co/wp-content/uploads/2016/08/Fire-oG.jpg http://herb.co/strains/girl-scout-cookies/ 2016-08-31T07:07:46-04:00 http://herb.co/wp-content/uploads/2016/08/Girl-Scout-Cookies.jpg http://herb.co/strains/grape-ape/ 2016-08-31T07:07:47-04:00 http://herb.co/wp-content/uploads/2015/08/Grape-Ape.jpg http://herb.co/strains/headband/ 2016-08-31T07:07:47-04:00 http://herb.co/wp-content/uploads/2016/08/Headband.jpg http://herb.co/strains/hindu-kush/ 2016-08-31T07:07:48-04:00 http://herb.co/wp-content/uploads/2016/08/Afghan-Kush.jpg http://herb.co/strains/irene-kush/ 2016-08-31T07:07:48-04:00 http://herb.co/wp-content/uploads/2016/08/Irene-Kush.jpg http://herb.co/strains/jillybean/ 2016-08-31T07:07:49-04:00 http://herb.co/wp-content/uploads/2016/08/Jillybean.jpg http://herb.co/strains/lambs-bread/ 2016-08-31T07:07:49-04:00 http://herb.co/wp-content/uploads/2016/08/Lambs-Bread.jpg http://herb.co/strains/lavender/ 2016-08-31T07:07:49-04:00 http://herb.co/wp-content/uploads/2016/08/Lavender.jpg http://herb.co/strains/lemon-haze/ 2016-08-31T07:07:49-04:00 http://herb.co/wp-content/uploads/2016/08/Lemon-Haze.jpg http://herb.co/strains/harlequin/ 2016-08-31T07:45:39-04:00 http://herb.co/wp-content/uploads/2016/08/Harlequin-1.jpg http://herb.co/strains/lemon-kush/ 2016-08-31T08:22:11-04:00 http://herb.co/wp-content/uploads/2016/08/Lemon-Kush.jpg http://herb.co/strains/charlottes-web-hemp-oil/ 2016-08-31T10:22:03-04:00 http://herb.co/wp-content/uploads/2016/08/Charlottes-Web.jpg http://herb.co/strains/dixie-synergy-mixed-berry-mints/ 2016-08-31T11:43:22-04:00 http://herb.co/wp-content/uploads/2016/08/Synergy.jpg http://herb.co/strains/lemon-skunk/ 2016-08-31T12:22:38-04:00 http://herb.co/wp-content/uploads/2016/08/Lemon-Skunk.png http://herb.co/strains/lsd/ 2016-09-01T09:19:23-04:00 http://herb.co/wp-content/uploads/2016/09/LSD.png http://herb.co/strains/mango-kush/ 2016-09-01T10:23:52-04:00 http://herb.co/wp-content/uploads/2016/09/Mango-Kush.jpg http://herb.co/strains/mr-nice/ 2016-09-02T09:03:14-04:00 http://herb.co/wp-content/uploads/2016/09/Mr.-Nice.jpg http://herb.co/strains/nyc-diesel/ 2016-09-02T13:35:30-04:00 http://herb.co/wp-content/uploads/2016/09/NYC-Diesel.jpg http://herb.co/strains/og-kush/ 2016-09-02T13:42:19-04:00 http://herb.co/wp-content/uploads/2016/09/OG-Kush.jpg http://herb.co/strains/orange-kush/ 2016-09-05T09:29:14-04:00 http://herb.co/wp-content/uploads/2016/09/Orange-Kush.jpg http://herb.co/strains/pineapple-express/ 2016-09-05T10:17:41-04:00 http://herb.co/wp-content/uploads/2016/09/Pineapple-Express.png http://herb.co/strains/platinum-girl-scout-cookies/ 2016-09-05T11:02:43-04:00 http://herb.co/wp-content/uploads/2016/09/Platinum-Girl-Scout-Cookies.jpg http://herb.co/strains/purple-haze/ 2016-09-05T14:47:01-04:00 http://herb.co/wp-content/uploads/2016/09/Purple-Haze.jpg http://herb.co/strains/purple-kush/ 2016-09-06T11:59:48-04:00 http://herb.co/wp-content/uploads/2016/09/Purple-Kush.jpg http://herb.co/strains/purple-urkle/ 2016-09-06T12:42:23-04:00 http://herb.co/wp-content/uploads/2016/09/Purple-Urkle.png http://herb.co/strains/mendocino-purps/ 2016-09-07T07:57:48-04:00 http://herb.co/wp-content/uploads/2016/09/Mendocino-Purps.jpg http://herb.co/strains/romulan/ 2016-09-07T08:42:19-04:00 http://herb.co/wp-content/uploads/2016/09/Romulan.jpg http://herb.co/strains/shipwreck/ 2016-09-07T09:11:50-04:00 http://herb.co/wp-content/uploads/2016/09/Shipwreck.jpg http://herb.co/strains/silver-haze/ 2016-09-07T09:51:55-04:00 http://herb.co/wp-content/uploads/2016/09/Silver-Haze.jpg http://herb.co/strains/skywalker/ 2016-09-07T12:04:59-04:00 http://herb.co/wp-content/uploads/2016/09/Skywalker.jpg http://herb.co/strains/sour-diesel/ 2016-09-08T10:11:34-04:00 http://herb.co/wp-content/uploads/2016/09/Sour-Diesel.jpg http://herb.co/strains/super-sour-skunk/ 2016-09-08T11:34:36-04:00 http://herb.co/wp-content/uploads/2016/09/Super-Sour-Skunk.jpg http://herb.co/strains/strawberry-cough/ 2016-09-08T12:09:28-04:00 http://herb.co/wp-content/uploads/2016/09/Strawberry-Cough.jpg http://herb.co/strains/strawberry-kush/ 2016-09-08T13:42:03-04:00 http://herb.co/wp-content/uploads/2016/09/Strawberry-Kush.jpg http://herb.co/strains/super-lemon-haze/ 2016-09-08T14:23:58-04:00 http://herb.co/wp-content/uploads/2016/09/Super-Lemon-Haze.jpg http://herb.co/strains/super-silver-haze/ 2016-09-09T09:57:17-04:00 http://herb.co/wp-content/uploads/2016/09/Super-Silver-Haze.jpg http://herb.co/strains/super-sour-diesel/ 2016-09-09T10:37:43-04:00 http://herb.co/wp-content/uploads/2016/09/Super-Sour-Diesel.jpg http://herb.co/strains/swiss-cheese/ 2016-09-09T11:41:38-04:00 http://herb.co/wp-content/uploads/2016/09/Swiss-Cheese.jpg http://herb.co/strains/tahoe-og-kush/ 2016-09-09T12:29:58-04:00 http://herb.co/wp-content/uploads/2016/09/Tahoe-OG-Kush.png http://herb.co/strains/tangerine-dream/ 2016-09-09T13:12:32-04:00 http://herb.co/wp-content/uploads/2016/09/Tangerine-Dream.jpg http://herb.co/strains/uk-cheese/ 2016-09-12T11:23:35-04:00 http://herb.co/wp-content/uploads/2016/09/UK-Cheese.jpg http://herb.co/strains/white-fire-og/ 2016-09-12T12:05:51-04:00 http://herb.co/wp-content/uploads/2016/09/White-Fire-OG.jpg http://herb.co/strains/true-og/ 2016-09-13T08:09:48-04:00 http://herb.co/wp-content/uploads/2016/09/True-OG.jpg http://herb.co/strains/skywalker-og/ 2016-09-13T08:16:42-04:00 http://herb.co/wp-content/uploads/2016/09/Skywalker-OG.jpg http://herb.co/strains/white-rhino/ 2016-09-13T11:21:15-04:00 http://herb.co/wp-content/uploads/2016/09/White-Rhino.jpg http://herb.co/strains/white-widow/ 2016-09-13T12:03:02-04:00 http://herb.co/wp-content/uploads/2016/09/White-Widow.jpg http://herb.co/strains/cinex/ 2016-09-19T14:16:29-04:00 http://herb.co/wp-content/uploads/2016/09/Cinex.jpg http://herb.co/strains/space-queen/ 2016-09-19T14:52:56-04:00 http://herb.co/wp-content/uploads/2016/09/Space-Queen.jpg http://herb.co/strains/skunk-no-1/ 2016-09-20T14:48:02-04:00 http://herb.co/wp-content/uploads/2016/09/Skunk-No-1.jpg http://herb.co/strains/afghani/ 2016-09-21T10:32:38-04:00 http://herb.co/wp-content/uploads/2016/09/Afghani.jpg http://herb.co/strains/acdc/ 2016-09-21T11:28:16-04:00 http://herb.co/wp-content/uploads/2016/09/ACDC.jpg http://herb.co/strains/bruce-banner/ 2016-09-22T05:23:17-04:00 http://herb.co/wp-content/uploads/2016/08/Bruce-Banner.jpg http://herb.co/strains/green-crack/ 2016-09-22T05:26:13-04:00 http://herb.co/wp-content/uploads/2016/08/Green-Crack.jpg http://herb.co/strains/bubba-kush/ 2016-09-22T05:42:45-04:00 http://herb.co/wp-content/uploads/2016/08/Bubba-Kush.jpg http://herb.co/strains/xj-13/ 2016-09-22T09:32:47-04:00 http://herb.co/wp-content/uploads/2016/09/XJ-13.png http://herb.co/strains/tangie/ 2016-09-22T13:00:20-04:00 http://herb.co/wp-content/uploads/2016/09/Tangie.jpg http://herb.co/strains/sensi-star/ 2016-09-22T13:33:50-04:00 http://herb.co/wp-content/uploads/2016/09/Sensi-Star.jpg http://herb.co/strains/sour-tsunami/ 2016-09-23T11:16:20-04:00 http://herb.co/wp-content/uploads/2016/09/Sour-Tsunami.jpg http://herb.co/strains/maui-wowie/ 2016-09-26T06:43:00-04:00 http://herb.co/wp-content/uploads/2016/09/Maui-Wowie.jpg http://herb.co/strains/jacks-cleaner/ 2016-09-26T07:13:39-04:00 http://herb.co/wp-content/uploads/2016/08/Jacks-Cleaner.jpg http://herb.co/strains/island-sweet-skunk/ 2016-09-26T07:38:07-04:00 http://herb.co/wp-content/uploads/2016/08/Island-Sweet-Skunk.jpg http://herb.co/strains/purple-diesel/ 2016-09-26T07:42:36-04:00 http://herb.co/wp-content/uploads/2016/09/Purple-Diesel.jpg http://herb.co/strains/shiva-skunk/ 2016-09-27T13:25:14-04:00 http://herb.co/wp-content/uploads/2016/09/Shiva-Skunk.jpg http://herb.co/strains/jack-herer/ 2016-09-30T13:42:59-04:00 http://herb.co/wp-content/uploads/2016/08/Jack-Herer.jpg http://herb.co/strains/charlottes-web/ 2016-10-03T08:13:42-04:00 http://herb.co/wp-content/uploads/2016/09/Charlottes-Web.jpg http://herb.co/strains/alien-og/ 2016-10-03T09:35:32-04:00 http://herb.co/wp-content/uploads/2016/10/Alien-OG.jpg http://herb.co/strains/alien-kush/ 2016-10-03T10:41:47-04:00 http://herb.co/wp-content/uploads/2016/10/Alien-Kush.jpg http://herb.co/strains/pineapple-kush/ 2016-10-03T12:13:34-04:00 http://herb.co/wp-content/uploads/2016/10/Pineapple-Kush.jpg http://herb.co/strains/acapulco-gold/ 2016-10-03T12:57:19-04:00 http://herb.co/wp-content/uploads/2016/10/Acapulco-Gold.jpg http://herb.co/strains/god-bud/ 2016-10-04T13:31:52-04:00 http://herb.co/wp-content/uploads/2016/10/God-Bud.jpg http://herb.co/strains/obama-kush/ 2016-10-06T12:13:23-04:00 http://herb.co/wp-content/uploads/2016/10/Obama-Kush.jpg http://herb.co/strains/presidential-og/ 2016-10-06T12:58:16-04:00 http://herb.co/wp-content/uploads/2016/10/Presidential-OG.jpg http://herb.co/strains/big-bud/ 2016-10-06T13:37:19-04:00 http://herb.co/wp-content/uploads/2016/10/Big-Bud-.jpg http://herb.co/strains/northern-lights/ 2016-10-07T09:20:25-04:00 http://herb.co/wp-content/uploads/2016/09/Northern-Lights.png http://herb.co/strains/ghost-train-haze/ 2016-10-07T11:26:02-04:00 http://herb.co/wp-content/uploads/2016/10/Ghost-Train-Haze.jpg http://herb.co/strains/ghost-og/ 2016-10-07T13:43:50-04:00 http://herb.co/wp-content/uploads/2016/10/Ghost-OG.jpg http://herb.co/strains/thai/ 2016-10-10T14:24:26-04:00 http://herb.co/wp-content/uploads/2016/10/Thai.jpg http://herb.co/strains/granddaddy-purple/ 2016-10-11T13:17:15-04:00 http://herb.co/wp-content/uploads/2016/08/Granddaddy-Purple.jpg http://herb.co/strains/candyland/ 2016-10-12T11:25:40-04:00 http://herb.co/wp-content/uploads/2016/10/Candyland.jpg http://herb.co/strains/blackberry/ 2016-10-12T12:02:54-04:00 http://herb.co/wp-content/uploads/2016/10/Blackberry.jpg http://herb.co/strains/sweet-nina/ 2016-10-12T12:58:19-04:00 http://herb.co/wp-content/uploads/2016/10/Sweet-Nina.jpg http://herb.co/strains/sweet-tooth/ 2016-10-13T08:50:50-04:00 http://herb.co/wp-content/uploads/2016/10/Sweet-Tooth.jpg http://herb.co/strains/fruity-pebbles/ 2016-10-13T11:01:39-04:00 http://herb.co/wp-content/uploads/2016/10/Fruity-Pebbles.jpg http://herb.co/strains/larry-og/ 2016-10-13T11:49:28-04:00 http://herb.co/wp-content/uploads/2016/10/Larry-OG.jpg http://herb.co/strains/la-confidential/ 2016-10-14T09:53:35-04:00 http://herb.co/wp-content/uploads/2016/08/LA-Confidential.jpg http://herb.co/strains/sunset-sherbet/ 2016-10-14T11:32:21-04:00 http://herb.co/wp-content/uploads/2016/10/Sunset-Sherbet.png http://herb.co/strains/snowcap/ 2016-10-17T11:53:24-04:00 http://herb.co/wp-content/uploads/2016/10/Snowcap.jpg http://herb.co/strains/100-og/ 2016-10-17T12:45:07-04:00 http://herb.co/wp-content/uploads/2016/10/100-OG.png http://herb.co/strains/holy-grail-kush/ 2016-10-18T13:06:37-04:00 http://herb.co/wp-content/uploads/2016/10/Holy-Grail-Kush.jpg http://herb.co/strains/querkle/ 2016-10-19T12:39:27-04:00 http://herb.co/wp-content/uploads/2016/10/Querkle.jpg http://herb.co/strains/j1/ 2016-10-19T14:04:20-04:00 http://herb.co/wp-content/uploads/2016/10/J1.jpg http://herb.co/strains/jack-the-ripper/ 2016-10-24T13:59:31-04:00 http://herb.co/wp-content/uploads/2016/10/JacktheRipper.jpg http://herb.co/strains/middlefork/ 2016-10-25T18:50:56-04:00 http://herb.co/wp-content/uploads/2016/10/Middlefork.jpg http://herb.co/strains/amnesia-haze/ 2016-10-26T13:13:29-04:00 http://herb.co/wp-content/uploads/2016/08/Amnesia-Haze.jpg http://herb.co/strains/blueberry-haze/ 2016-10-28T07:25:53-04:00 http://herb.co/wp-content/uploads/2016/10/Blueberry-Haze.jpg http://herb.co/strains/critical/ 2016-10-28T08:22:05-04:00 http://herb.co/wp-content/uploads/2016/10/Critical-Plus.png http://herb.co/strains/kosher-kush/ 2016-10-28T10:49:54-04:00 http://herb.co/wp-content/uploads/2016/10/Kosher-Kush.jpg http://herb.co/strains/sour-og/ 2016-10-28T10:55:18-04:00 http://herb.co/wp-content/uploads/2016/09/Sour-OG.jpg http://herb.co/strains/sfv-og-kush/ 2016-10-28T12:52:00-04:00 http://herb.co/wp-content/uploads/2016/10/SFV-OG-Kush.jpg http://herb.co/strains/juicy-fruit/ 2016-10-28T12:54:50-04:00 http://herb.co/wp-content/uploads/2016/10/Juicy-Fruit.jpg http://herb.co/strains/critical-jack-2/ 2016-10-29T15:10:59-04:00 http://herb.co/wp-content/uploads/2016/10/Critical-Jack-.jpg http://herb.co/strains/cannatonic/ 2016-10-30T10:28:46-04:00 http://herb.co/wp-content/uploads/2016/08/Cannatonic.jpg http://herb.co/strains/critical-mass/ 2016-10-31T13:17:16-04:00 http://herb.co/wp-content/uploads/2016/09/Critical-Mass.jpg http://herb.co/strains/g-13/ 2016-10-31T14:06:05-04:00 http://herb.co/wp-content/uploads/2016/08/G-13.jpg http://herb.co/strains/mk-ultra/ 2016-11-01T12:31:33-04:00 http://herb.co/wp-content/uploads/2016/10/MK-Ultra.jpg http://herb.co/strains/g-13-haze/ 2016-11-01T14:30:37-04:00 http://herb.co/wp-content/uploads/2016/11/G-13-Haze.jpg http://herb.co/strains/hash-plant/ 2016-11-01T15:21:51-04:00 http://herb.co/wp-content/uploads/2016/11/Hash-Plant.jpg http://herb.co/strains/moby-dick/ 2016-11-02T14:21:08-04:00 http://herb.co/wp-content/uploads/2016/11/Moby-Dick.jpg http://herb.co/strains/herijuana/ 2016-11-02T14:53:54-04:00 http://herb.co/wp-content/uploads/2016/11/Herijuana.jpg http://herb.co/strains/flo/ 2016-11-07T11:43:58-05:00 http://herb.co/wp-content/uploads/2016/11/Flo.png http://herb.co/strains/white-russian/ 2016-11-07T12:51:18-05:00 http://herb.co/wp-content/uploads/2016/11/White-Russian-.jpg http://herb.co/strains/golden-goat/ 2016-11-10T13:39:23-05:00 http://herb.co/wp-content/uploads/2016/08/Golden-Goat.jpg http://herb.co/strains/great-white-shark/ 2016-11-19T15:06:15-05:00 http://herb.co/wp-content/uploads/2016/11/Great-White-Shark.jpg http://herb.co/strains/permafrost/ 2016-11-20T12:13:53-05:00 http://herb.co/wp-content/uploads/2016/11/Permafrost.jpg http://herb.co/strains/haze/ 2016-11-22T10:09:25-05:00 http://herb.co/wp-content/uploads/2016/10/Haze.jpg http://herb.co/strains/red-dragon/ 2016-11-22T12:26:15-05:00 http://herb.co/wp-content/uploads/2016/11/Red-Dragon.jpg http://herb.co/strains/orange-bud/ 2016-11-22T13:24:29-05:00 http://herb.co/wp-content/uploads/2016/11/Orange-Bud.jpg http://herb.co/strains/grape-god/ 2016-11-30T00:20:53-05:00 http://herb.co/wp-content/uploads/2016/11/Grape-God.png http://herb.co/strains/707-headband/ 2016-11-30T19:26:04-05:00 http://herb.co/wp-content/uploads/2016/11/707-Headband.jpg http://herb.co/strains/blackwater/ 2016-11-30T20:33:58-05:00 http://herb.co/wp-content/uploads/2016/11/BlackWater.jpg http://herb.co/strains/sfv-og/ 2016-11-30T21:49:37-05:00 http://herb.co/wp-content/uploads/2016/11/SFV-OG.jpg http://herb.co/strains/king-louis-xiii/ 2016-12-01T21:46:32-05:00 http://herb.co/wp-content/uploads/2016/12/King-Louis-XIII.jpg http://herb.co/strains/shishkaberry/ 2016-12-02T23:28:42-05:00 http://herb.co/wp-content/uploads/2016/12/Shishkaberry.jpg http://herb.co/strains/vanilla-kush/ 2016-12-04T14:56:23-05:00 http://herb.co/wp-content/uploads/2016/12/Vanilla-Kush.jpg http://herb.co/strains/casey-jones/ 2016-12-04T15:46:06-05:00 http://herb.co/wp-content/uploads/2016/12/Casey-Jones.jpg http://herb.co/strains/grapefruit/ 2016-12-04T17:43:28-05:00 http://herb.co/wp-content/uploads/2016/12/Grapefruit.jpg http://herb.co/strains/blue-diesel/ 2016-12-04T20:06:38-05:00 http://herb.co/wp-content/uploads/2016/12/Blue-Diesel-.jpg http://herb.co/strains/cbd-critical-cure/ 2016-12-08T19:27:29-05:00 http://herb.co/wp-content/uploads/2016/12/CBD-Critical-Cure.jpg http://herb.co/strains/critical-kush/ 2016-12-08T21:00:40-05:00 http://herb.co/wp-content/uploads/2016/12/Critical-Kush.jpg http://herb.co/strains/bubbas-gift/ 2016-12-08T22:13:38-05:00 http://herb.co/wp-content/uploads/2016/12/Bubbas-Gift.jpg http://herb.co/strains/laughing-buddha/ 2016-12-09T18:07:38-05:00 http://herb.co/wp-content/uploads/2016/12/Laughing-Buddha.jpg http://herb.co/strains/khalifa-kush/ 2016-12-09T21:26:50-05:00 http://herb.co/wp-content/uploads/2016/12/Khalifa-Kush.jpg http://herb.co/strains/big-bang/ 2016-12-12T22:58:44-05:00 http://herb.co/wp-content/uploads/2016/12/Big-Bang.jpg http://herb.co/strains/galactic-jack/ 2016-12-13T00:01:11-05:00 http://herb.co/wp-content/uploads/2016/12/Galactic-Jack.jpg http://herb.co/strains/alien-dawg/ 2016-12-15T21:01:57-05:00 http://herb.co/wp-content/uploads/2016/12/Alien-Dawg.jpg http://herb.co/strains/lemon-alien-dawg/ 2016-12-15T22:31:06-05:00 http://herb.co/wp-content/uploads/2016/12/Lemon-Alien-Dawg.jpg http://herb.co/strains/jack-frost/ 2016-12-18T23:00:14-05:00 http://herb.co/wp-content/uploads/2016/12/Jack-Frost.jpg http://herb.co/strains/golden-pineapple/ 2016-12-18T23:44:53-05:00 http://herb.co/wp-content/uploads/2016/12/Golden-Pineapple.jpg http://herb.co/strains/9-pound-hammer/ 2016-12-20T01:22:57-05:00 http://herb.co/wp-content/uploads/2016/12/9-Pound-Hammer.jpg http://herb.co/strains/blue-magoo/ 2016-12-21T00:43:18-05:00 http://herb.co/wp-content/uploads/2016/12/Blue-Magoo.jpg http://herb.co/strains/black-jack/ 2016-12-22T22:58:33-05:00 http://herb.co/wp-content/uploads/2016/12/Black-Jack.jpg http://herb.co/strains/blue-widow/ 2016-12-23T20:11:40-05:00 http://herb.co/wp-content/uploads/2016/12/Blue-Widow.jpg http://herb.co/strains/ogre/ 2016-12-26T14:15:52-05:00 http://herb.co/wp-content/uploads/2016/12/Ogre.jpg http://herb.co/strains/ogre-kush/ 2016-12-26T14:39:16-05:00 http://herb.co/wp-content/uploads/2016/12/Ogre-Kush.jpg http://herb.co/strains/purple-og-kush/ 2016-12-26T17:31:04-05:00 http://herb.co/wp-content/uploads/2016/12/Purple-OG-Kush.jpg http://herb.co/strains/golden-lemons/ 2016-12-26T19:34:15-05:00 http://herb.co/wp-content/uploads/2016/12/Golden-Lemons.jpg http://herb.co/strains/chernobyl/ 2016-12-26T22:20:21-05:00 http://herb.co/wp-content/uploads/2016/08/Chernobyl-3-1.jpg http://herb.co/strains/chocolope/ 2016-12-26T23:07:41-05:00 http://herb.co/wp-content/uploads/2016/08/Chocolope.jpg http://herb.co/strains/gods-gift/ 2016-12-27T18:27:22-05:00 http://herb.co/wp-content/uploads/2016/08/Gods_Gift.jpg http://herb.co/strains/star-dawg/ 2016-12-27T19:56:11-05:00 http://herb.co/wp-content/uploads/2016/12/Star-Dawg.jpg http://herb.co/strains/princess-leia/ 2016-12-28T16:25:10-05:00 http://herb.co/wp-content/uploads/2016/12/Princess-Leia.jpg http://herb.co/strains/leia-og/ 2016-12-28T16:50:07-05:00 http://herb.co/wp-content/uploads/2016/12/Leia-OG.jpg http://herb.co/strains/mendo-breath/ 2016-12-28T17:39:44-05:00 http://herb.co/wp-content/uploads/2016/12/Mendo-Breath.jpg http://herb.co/strains/burkle/ 2016-12-28T21:08:12-05:00 http://herb.co/wp-content/uploads/2016/12/Burkle.jpg http://herb.co/strains/sour-kush/ 2016-12-28T21:44:44-05:00 http://herb.co/wp-content/uploads/2016/12/Sour-Kush.png http://herb.co/strains/warm-crispy-medicated-coconut-oil/ 2016-12-28T23:46:49-05:00 http://herb.co/wp-content/uploads/2016/08/WarmCrispy.jpg http://herb.co/strains/pre-98-bubba-kush/ 2016-12-29T15:16:06-05:00 http://herb.co/wp-content/uploads/2016/12/Pre-98-Bubba-Kush.jpg http://herb.co/strains/colombian-gold/ 2016-12-29T16:05:24-05:00 http://herb.co/wp-content/uploads/2016/12/Colombian-GOld.jpg http://herb.co/strains/amnesia/ 2016-12-29T16:54:44-05:00 http://herb.co/wp-content/uploads/2016/12/Amnesia.jpg http://herb.co/strains/ace-of-spades/ 2016-12-30T17:11:31-05:00 http://herb.co/wp-content/uploads/2016/12/Ace-of-Spades.jpg http://herb.co/strains/super-skunk/ 2016-12-30T18:32:09-05:00 http://herb.co/wp-content/uploads/2016/12/Super-Skunk.jpg http://herb.co/strains/lemon-diesel/ 2016-12-30T20:32:56-05:00 http://herb.co/wp-content/uploads/2016/12/Lemon-Diesel.jpg http://herb.co/strains/grape-stomper/ 2016-12-30T23:32:36-05:00 http://herb.co/wp-content/uploads/2016/12/Grape-Stomper-.jpg http://herb.co/strains/cat-piss/ 2016-12-31T00:05:28-05:00 http://herb.co/wp-content/uploads/2016/12/Cat-Piss.jpg http://herb.co/strains/cherry-kush/ 2016-12-31T12:59:49-05:00 http://herb.co/wp-content/uploads/2016/12/Cherry-Kush.jpg http://herb.co/strains/kali-mist/ 2016-12-31T13:38:14-05:00 http://herb.co/wp-content/uploads/2016/12/Kali-Mist.jpg http://herb.co/strains/sage/ 2016-12-31T14:04:23-05:00 http://herb.co/wp-content/uploads/2016/12/SAGE.jpg http://herb.co/strains/purple-elephant/ 2017-01-02T20:01:58-05:00 http://herb.co/wp-content/uploads/2017/01/Purple-Elephant-.jpg http://herb.co/strains/flowerbomb-kush/ 2017-01-03T23:48:55-05:00 http://herb.co/wp-content/uploads/2017/01/Flowerbomb-Kush.jpg http://herb.co/strains/yoda-og/ 2017-01-05T19:47:51-05:00 http://herb.co/wp-content/uploads/2017/01/Yoda-OG.jpg http://herb.co/strains/pineapple/ 2017-01-06T20:29:39-05:00 http://herb.co/wp-content/uploads/2017/01/Pineapple.jpg http://herb.co/strains/3-kings/ 2017-01-10T21:08:29-05:00 http://herb.co/wp-content/uploads/2017/01/3-Kings.jpg http://herb.co/strains/jesus-og/ 2017-01-10T21:41:14-05:00 http://herb.co/wp-content/uploads/2017/01/Jesus-OG.jpg http://herb.co/strains/orange-crush/ 2017-01-12T00:55:18-05:00 http://herb.co/wp-content/uploads/2017/01/Orange-Crush.jpg http://herb.co/strains/deadhead-og/ 2017-01-12T23:33:20-05:00 http://herb.co/wp-content/uploads/2017/01/Deadhead-OG.jpg http://herb.co/strains/cherry-pie/ 2017-01-17T00:03:58-05:00 http://herb.co/wp-content/uploads/2016/08/Cherry-Pie.jpg http://herb.co/strains/black-cherry-soda/ 2017-01-19T00:34:32-05:00 http://herb.co/wp-content/uploads/2017/01/Black-Cherry-Soda.jpg http://herb.co/strains/dr-who/ 2017-01-19T21:39:28-05:00 http://herb.co/wp-content/uploads/2017/01/dr-who-2.jpg http://herb.co/strains/gorilla-glue-4/ 2017-01-20T15:52:23-05:00 http://herb.co/wp-content/uploads/2015/07/Gorilla-Glue.jpg http://herb.co/strains/oregon-pineapple/ 2017-01-23T22:30:22-05:00 http://herb.co/wp-content/uploads/2017/01/Oregon-Pineapple.jpg http://herb.co/strains/blueberry-pancakes/ 2017-01-26T21:44:02-05:00 http://herb.co/wp-content/uploads/2017/01/Bluebery-Pancakes.jpg http://herb.co/strains/qwad-dawg/ 2017-01-27T21:52:22-05:00 http://herb.co/wp-content/uploads/2017/01/Qwad-Dawg.jpg http://herb.co/strains/sour-dubble/ 2017-01-31T22:49:13-05:00 http://herb.co/wp-content/uploads/2017/01/Sour-Dubble.jpg http://herb.co/strains/blueberry-diesel/ 2017-02-01T20:57:58-05:00 http://herb.co/wp-content/uploads/2016/08/Blueberry-Diesel.jpg http://herb.co/strains/chemdawg-4/ 2017-02-02T01:37:50-05:00 http://herb.co/wp-content/uploads/2017/02/Chemdawg-4.jpg http://herb.co/strains/trainwreck/ 2017-02-03T13:59:52-05:00 http://herb.co/wp-content/uploads/2016/09/Trainwreck.png http://herb.co/strains/gelato/ 2017-02-06T23:03:44-05:00 http://herb.co/wp-content/uploads/2017/02/Gelato.jpg http://herb.co/strains/strawberry-banana/ 2017-02-07T18:57:10-05:00 http://herb.co/wp-content/uploads/2016/12/StrawberryBanana.jpg http://herb.co/strains/death-star/ 2017-02-07T19:01:35-05:00 http://herb.co/wp-content/uploads/2016/08/Death-Star.jpg http://herb.co/strains/ice-wreck/ 2017-02-07T19:37:09-05:00 http://herb.co/wp-content/uploads/2016/02/ice-wreck.jpg http://herb.co/strains/master-kush/ 2017-02-09T14:44:25-05:00 http://herb.co/wp-content/uploads/2016/09/Master-Kush.jpg http://herb.co/strains/snoops-dream/ 2017-02-09T17:20:27-05:00 http://herb.co/wp-content/uploads/2017/02/snoops-dream.jpg http://herb.co/strains/malawi-gold/ 2017-02-10T19:24:13-05:00 http://herb.co/wp-content/uploads/2017/02/malawi-gold.jpg http://herb.co/strains/the-white/ 2017-02-17T21:05:01-05:00 http://herb.co/wp-content/uploads/2017/02/The-White.jpg 